methodRow	owner	method	rva	il	opcode	encoded	context
5736	NetworkManager	.ctor	0xad3b4	0x3a	call	0xa79c9cc2	IL_002a:call:0x279c55e3 | IL_002f:stfld:0x679edbe2 | IL_0034:ldarg.0: | IL_0035:call:0x279f9083 | IL_003a:call:0xa79c9cc2 | IL_003f:callvirt:0xa79c9ea2 | IL_0044:ldarg.0: | IL_0045:newobj:0xa7814fa2 | IL_004a:stfld:0x679e2902 | IL_004f:ldarg.0:
5736	NetworkManager	.ctor	0xad3b4	0x45	newobj	0xa7814fa2	IL_0035:call:0x279f9083 | IL_003a:call:0xa79c9cc2 | IL_003f:callvirt:0xa79c9ea2 | IL_0044:ldarg.0: | IL_0045:newobj:0xa7814fa2 | IL_004a:stfld:0x679e2902 | IL_004f:ldarg.0: | IL_0050:newobj:0xa79ddd82 | IL_0055:stfld:0x679e28a2 | IL_005a:ret:
5736	NetworkManager	.ctor	0xad3b4	0x4a	stfld	0x679e2902	IL_003a:call:0xa79c9cc2 | IL_003f:callvirt:0xa79c9ea2 | IL_0044:ldarg.0: | IL_0045:newobj:0xa7814fa2 | IL_004a:stfld:0x679e2902 | IL_004f:ldarg.0: | IL_0050:newobj:0xa79ddd82 | IL_0055:stfld:0x679e28a2 | IL_005a:ret:
5740	NetworkManager	getFutureManager	0xad49c	0x2	ldfld	0x679e2902	IL_0001:ldarg.0: | IL_0002:ldfld:0x679e2902 | IL_0007:ret:
5746	NetworkManager	Connect	0xad500	0x55	ldfld	0x679e2902	IL_0049:call:0xa79dd6e2 | IL_004e:ldarg.0: | IL_004f:call:0xa79dd622 | IL_0054:ldarg.0: | IL_0055:ldfld:0x679e2902 | IL_005a:callvirt:0xa7814de2 | IL_005f:ret:
5746	NetworkManager	Connect	0xad500	0x5a	callvirt	0xa7814de2	IL_004e:ldarg.0: | IL_004f:call:0xa79dd622 | IL_0054:ldarg.0: | IL_0055:ldfld:0x679e2902 | IL_005a:callvirt:0xa7814de2 | IL_005f:ret:
5752	NetworkManager	SendLuaMessage	0xad890	0x24	ldfld	0x679e2902	IL_001b:br.s:35 | IL_001d:call:0x279c45e3 | IL_0022:stloc.0: | IL_0023:ldarg.0: | IL_0024:ldfld:0x679e2902 | IL_0029:callvirt:0xa7814d82 | IL_002e:stloc.1: | IL_002f:ldloc.0: | IL_0030:ldstr:0xe47ca5b0 | IL_0035:ldloc.1:
5752	NetworkManager	SendLuaMessage	0xad890	0x29	callvirt	0xa7814d82	IL_001d:call:0x279c45e3 | IL_0022:stloc.0: | IL_0023:ldarg.0: | IL_0024:ldfld:0x679e2902 | IL_0029:callvirt:0xa7814d82 | IL_002e:stloc.1: | IL_002f:ldloc.0: | IL_0030:ldstr:0xe47ca5b0 | IL_0035:ldloc.1: | IL_0036:callvirt:0x279e8403
5752	NetworkManager	SendLuaMessage	0xad890	0x3c	ldfld	0x679e2902	IL_0030:ldstr:0xe47ca5b0 | IL_0035:ldloc.1: | IL_0036:callvirt:0x279e8403 | IL_003b:ldarg.0: | IL_003c:ldfld:0x679e2902 | IL_0041:ldloc.1: | IL_0042:ldarg.1: | IL_0043:callvirt:0xa7814dc2 | IL_0048:call:0xa79ed742 | IL_004d:brfalse.s:134
5752	NetworkManager	SendLuaMessage	0xad890	0x43	callvirt	0xa7814dc2	IL_003b:ldarg.0: | IL_003c:ldfld:0x679e2902 | IL_0041:ldloc.1: | IL_0042:ldarg.1: | IL_0043:callvirt:0xa7814dc2 | IL_0048:call:0xa79ed742 | IL_004d:brfalse.s:134 | IL_004f:ldstr:0xe47fb9b0 | IL_0054:ldc.i4.0: | IL_0055:call:0xa79ed7e2
5761	NetworkManager	OnLogin	0xadf60	0x2	call	0xa79c9cc2	IL_0001:ldarg.0: | IL_0002:call:0xa79c9cc2 | IL_0007:ldarg.1: | IL_0008:callvirt:0xa79c9e02 | IL_000d:call:0xa79dd7c2 | IL_0012:ret:
5762	NetworkManager	OnPingPong	0xadf73	0x3	call	0xa79dd142	IL_0001:ldarg.0: | IL_0002:ldc.i4.m1: | IL_0003:call:0xa79dd142 | IL_0008:ret:
5763	NetworkManager	OnLoginError	0xadf7c	0x8	call	0xa79c9cc2	IL_0001:ldarg.0: | IL_0002:ldc.i4.0: | IL_0003:call:0xa79dd7c2 | IL_0008:call:0xa79c9cc2 | IL_000d:ldarg.1: | IL_000e:callvirt:0xa79c9e02 | IL_0013:pop: | IL_0014:ret:
5767	NetworkManager	OnExtensionResponse	0xadf9f	0x3	call	0xa79dd142	IL_0001:ldarg.0: | IL_0002:ldc.i4.m1: | IL_0003:call:0xa79dd142 | IL_0008:call:0xa79c9cc2 | IL_000d:ldarg.1: | IL_000e:callvirt:0xa79c9f42 | IL_0013:ret:
5767	NetworkManager	OnExtensionResponse	0xadf9f	0x8	call	0xa79c9cc2	IL_0001:ldarg.0: | IL_0002:ldc.i4.m1: | IL_0003:call:0xa79dd142 | IL_0008:call:0xa79c9cc2 | IL_000d:ldarg.1: | IL_000e:callvirt:0xa79c9f42 | IL_0013:ret:
5767	NetworkManager	OnExtensionResponse	0xadf9f	0xe	callvirt	0xa79c9f42	IL_0002:ldc.i4.m1: | IL_0003:call:0xa79dd142 | IL_0008:call:0xa79c9cc2 | IL_000d:ldarg.1: | IL_000e:callvirt:0xa79c9f42 | IL_0013:ret:
26215	XLua.CSObjectWrap.NetworkManagerWrap	_m_SyncPingPong	0x27bcf4	0x43	callvirt	0xa79dd142	IL_003b:call:0x279ff0a3 | IL_0040:stloc.2: | IL_0041:ldloc.0: | IL_0042:ldloc.2: | IL_0043:callvirt:0xa79dd142 | IL_0048:ldc.i4.0: | IL_0049:stloc.3: | IL_004a:leave.s:128 | IL_004c:ldloc.1: | IL_004d:ldc.i4.1:
26215	XLua.CSObjectWrap.NetworkManagerWrap	_m_SyncPingPong	0x27bcf4	0x52	callvirt	0xa79dd142	IL_004d:ldc.i4.1: | IL_004e:bne.un.s:91 | IL_0050:ldloc.0: | IL_0051:ldc.i4.m1: | IL_0052:callvirt:0xa79dd142 | IL_0057:ldc.i4.0: | IL_0058:stloc.3: | IL_0059:leave.s:128 | IL_005b:leave.s:116 | IL_005d:stloc.s:local(0x0004)
48031	Main.Scripts.Network.FutureManager	onSendRequest	0x486494	0x10	call	0xa7814d02	IL_000c:ldloca.s:local(0x0000) | IL_000e:ldarg.1: | IL_000f:ldarg.2: | IL_0010:call:0xa7814d02 | IL_0015:ldarg.0: | IL_0016:ldfld:0x678a5222 | IL_001b:ldarg.1: | IL_001c:callvirt:0x27945ce3 | IL_0021:brtrue.s:48
48032	Main.Scripts.Network.FutureManager	onServerMsgCome	0x4864c8	0x36	call	0xa7814ca2	IL_002d:ldarg.1: | IL_002e:callvirt:0x27945c23 | IL_0033:stloc.2: | IL_0034:ldloca.s:local(0x0002) | IL_0036:call:0xa7814ca2 | IL_003b:sub: | IL_003c:ldarg.2: | IL_003d:conv.i8: | IL_003e:sub: | IL_003f:stloc.0:
48033	Main.Scripts.Network.FutureManager	update	0x486558	0x38	call	0xa7814ca2	IL_002f:call:0x27945f43 | IL_0034:stloc.3: | IL_0035:ldloc.0: | IL_0036:ldloca.s:local(0x0003) | IL_0038:call:0xa7814ca2 | IL_003d:sub: | IL_003e:ldc.i4:500 | IL_0043:conv.i8: | IL_0044:pop: | IL_0045:pop:
