label	encoded	fileOffset	methodRow	owner	method	rva	relativeOffset
singleton_or_dispatch_getter	0xa79c9cc2	0x4ecea	3755	GameEntry	RegisterAction	0x507d4	0x316
singleton_or_dispatch_getter	0xa79c9cc2	0x4ed04	3755	GameEntry	RegisterAction	0x507d4	0x330
singleton_or_dispatch_getter	0xa79c9cc2	0xa571f	5404	CrossServerComponent	OnExtensionResponse	0xa7480	0x9f
singleton_or_dispatch_getter	0xa79c9cc2	0xab5ef	5736	NetworkManager	.ctor	0xad3b4	0x3b
singleton_or_dispatch_getter	0xa79c9cc2	0xac163	5761	NetworkManager	OnLogin	0xadf60	0x3
singleton_or_dispatch_getter	0xa79c9cc2	0xac185	5763	NetworkManager	OnLoginError	0xadf7c	0x9
singleton_or_dispatch_getter	0xa79c9cc2	0xac1a8	5767	NetworkManager	OnExtensionResponse	0xadf9f	0x9
singleton_or_dispatch_getter	0xa79c9cc2	0x268dd5	25712	XLua.CSObjectWrap.MessageFactoryWrap	_g_get_Instance	0x26abbc	0x19
extension_dispatch	0xa79c9f42	0x4ecf0	3755	GameEntry	RegisterAction	0x507d4	0x31c
extension_dispatch	0xa79c9f42	0xac1ae	5767	NetworkManager	OnExtensionResponse	0xadf9f	0xf
extension_dispatch	0xa79c9f42	0x268b86	25707	XLua.CSObjectWrap.MessageFactoryWrap	_m_DispatchResponse	0x26a930	0x56
login_dispatch	0xa79c9e02	0xac169	5761	NetworkManager	OnLogin	0xadf60	0x9
login_dispatch	0xa79c9e02	0xac18b	5763	NetworkManager	OnLoginError	0xadf7c	0xf
login_dispatch	0xa79c9e02	0x268d83	25711	XLua.CSObjectWrap.MessageFactoryWrap	_m_OnLogin	0x26ab44	0x3f
sync_ping_pong	0xa79dd142	0x110a8	597	ApplicationLaunch	DoAfterEnterForeground	0x12e3c	0x6c
sync_ping_pong	0xa79dd142	0x11180	598	ApplicationLaunch	DoInGameReload	0x12f18	0x68
sync_ping_pong	0xa79dd142	0x112d5	601	ApplicationLaunch	CheckOffline	0x1306c	0x69
sync_ping_pong	0xa79dd142	0x1e0ae	998	PushInitState	OnLoginComplete	0x1fbf8	0x2b6
sync_ping_pong	0xa79dd142	0xac177	5762	NetworkManager	OnPingPong	0xadf73	0x4
sync_ping_pong	0xa79dd142	0xac1a3	5767	NetworkManager	OnExtensionResponse	0xadf9f	0x4
sync_ping_pong	0xa79dd142	0xcaabe	7716	CityScene	TestNetworkDisconnect	0xcc8b6	0x8
sync_ping_pong	0xa79dd142	0x179b4e	15198	WorldScene	TestNetworkDisconnect	0x17b946	0x8
sync_ping_pong	0xa79dd142	0x279f38	26215	XLua.CSObjectWrap.NetworkManagerWrap	_m_SyncPingPong	0x27bcf4	0x44
sync_ping_pong	0xa79dd142	0x279f47	26215	XLua.CSObjectWrap.NetworkManagerWrap	_m_SyncPingPong	0x27bcf4	0x53
future_reset	0xa7814de2	0xab75b	5746	NetworkManager	Connect	0xad500	0x5b
future_get_id	0xa7814d82	0xababa	5752	NetworkManager	SendLuaMessage	0xad890	0x2a
future_get_id	0xa7814d82	0xb2ebe	6137	UserBindGaidMessage	CSSetData	0xb4c98	0x26
future_get_id	0xa7814d82	0xb31ed	6157	BaseMessage	CSSetData	0xb4fd0	0x1d
future_get_id	0xa7814d82	0xb3261	6161	BuildMainCityMessage	CSSetData	0xb5044	0x1d
future_get_id	0xa7814d82	0xb33c5	6167	ChangePFdisplayName	CSSetData	0xb51a8	0x1d
future_get_id	0xa7814d82	0xb3491	6172	CheckDeviceChangeMessage	CSSetData	0xb5274	0x1d
future_get_id	0xa7814d82	0xb3522	6177	CrossWorldMoveMessage	CSSetData	0xb52fc	0x26
future_get_id	0xa7814d82	0xb45d6	6205	FcmTokenMessage	CSSetData	0xb63b0	0x26
future_get_id	0xa7814d82	0xb476a	6216	GetFullPushWorldMarchMessage	CSSetData	0xb6538	0x32
future_get_id	0xa7814d82	0xb492e	6226	GetViewLevelWorldInfoMessage	CSSetData	0xb6708	0x26
future_get_id	0xa7814d82	0xb4b22	6232	FSTaskCommand	CSSetData	0xb68fc	0x26
future_get_id	0xa7814d82	0xb4be6	6242	HotSpotBaseInfoMessage	CSSetData	0xb69c0	0x26
future_get_id	0xa7814d82	0xb5699	6274	LoginCrossServerMessage	CSSetData	0xb747c	0x1d
future_get_id	0xa7814d82	0xb5b99	6287	LoginInitCommand	CSSetData	0xb7958	0x41
future_get_id	0xa7814d82	0xb5ca1	6292	LoginMessage	CSSetData	0xb7a30	0x71
future_get_id	0xa7814d82	0xb6d24	6366	PushRecordMessage	CSSetData	0xb8adc	0x48
future_get_id	0xa7814d82	0xb7651	6471	SeasonGetZoneTrainActivityInfoMessage	CSSetData	0xb9434	0x1d
future_get_id	0xa7814d82	0xb76f9	6476	SeasonHunterRefreshShadowInfoMessage	CSSetData	0xb94dc	0x1d
future_get_id	0xa7814d82	0xb77bf	6482	ShumeiSendDeviceIdMessage	CSSetData	0xb9588	0x37
future_get_id	0xa7814d82	0xb7879	6488	ThermalConductorInfoMessage	CSSetData	0xb965c	0x1d
future_get_id	0xa7814d82	0xb7b41	6504	UserCleanPostMessage	CSSetData	0xb9924	0x1d
future_get_id	0xa7814d82	0xb7bec	6509	UserTowerChangeListenMessage	CSSetData	0xb99a4	0x48
future_get_id	0xa7814d82	0xb7c74	6515	WorldCrossServerMessage	CSSetData	0xb9a50	0x24
future_get_id	0xa7814d82	0xb7e4a	6523	WorldGetBlockMessage	CSSetData	0xb9c24	0x26
future_get_id	0xa7814d82	0xb8109	6531	WorldLeaveCrossServerMessage	CSSetData	0xb9eec	0x1d
future_get_id	0xa7814d82	0xb81c6	6537	WorldMarchFormationMessage	CSSetData	0xb9fa0	0x26
future_get_id	0xa7814d82	0xb849e	6554	WorldMarchFormationChangeMessage	CSSetData	0xba278	0x26
future_get_id	0xa7814d82	0xb8648	6566	WorldGetRectMarchInfosMessage	CSSetData	0xba3f4	0x54
future_get_id	0xa7814d82	0xb86e5	6573	ZendeskJWTTokenMessage	CSSetData	0xba4c8	0x1d
future_on_send	0xa7814dc2	0xabad4	5752	NetworkManager	SendLuaMessage	0xad890	0x44
future_on_send	0xa7814dc2	0xb2ee1	6137	UserBindGaidMessage	CSSetData	0xb4c98	0x49
future_on_send	0xa7814dc2	0xb3210	6157	BaseMessage	CSSetData	0xb4fd0	0x40
future_on_send	0xa7814dc2	0xb3284	6161	BuildMainCityMessage	CSSetData	0xb5044	0x40
future_on_send	0xa7814dc2	0xb33e8	6167	ChangePFdisplayName	CSSetData	0xb51a8	0x40
future_on_send	0xa7814dc2	0xb34b4	6172	CheckDeviceChangeMessage	CSSetData	0xb5274	0x40
future_on_send	0xa7814dc2	0xb3545	6177	CrossWorldMoveMessage	CSSetData	0xb52fc	0x49
future_on_send	0xa7814dc2	0xb45f9	6205	FcmTokenMessage	CSSetData	0xb63b0	0x49
future_on_send	0xa7814dc2	0xb478d	6216	GetFullPushWorldMarchMessage	CSSetData	0xb6538	0x55
future_on_send	0xa7814dc2	0xb4951	6226	GetViewLevelWorldInfoMessage	CSSetData	0xb6708	0x49
future_on_send	0xa7814dc2	0xb4b45	6232	FSTaskCommand	CSSetData	0xb68fc	0x49
future_on_send	0xa7814dc2	0xb4c15	6242	HotSpotBaseInfoMessage	CSSetData	0xb69c0	0x55
future_on_send	0xa7814dc2	0xb56bc	6274	LoginCrossServerMessage	CSSetData	0xb747c	0x40
future_on_send	0xa7814dc2	0xb5bbc	6287	LoginInitCommand	CSSetData	0xb7958	0x64
future_on_send	0xa7814dc2	0xb5cc8	6292	LoginMessage	CSSetData	0xb7a30	0x98
future_on_send	0xa7814dc2	0xb6d47	6366	PushRecordMessage	CSSetData	0xb8adc	0x6b
future_on_send	0xa7814dc2	0xb7668	6471	SeasonGetZoneTrainActivityInfoMessage	CSSetData	0xb9434	0x34
future_on_send	0xa7814dc2	0xb774c	6476	SeasonHunterRefreshShadowInfoMessage	CSSetData	0xb94dc	0x70
future_on_send	0xa7814dc2	0xb77e2	6482	ShumeiSendDeviceIdMessage	CSSetData	0xb9588	0x5a
future_on_send	0xa7814dc2	0xb78b5	6488	ThermalConductorInfoMessage	CSSetData	0xb965c	0x59
future_on_send	0xa7814dc2	0xb7b64	6504	UserCleanPostMessage	CSSetData	0xb9924	0x40
future_on_send	0xa7814dc2	0xb7c0f	6509	UserTowerChangeListenMessage	CSSetData	0xb99a4	0x6b
future_on_send	0xa7814dc2	0xb7c97	6515	WorldCrossServerMessage	CSSetData	0xb9a50	0x47
future_on_send	0xa7814dc2	0xb7e6d	6523	WorldGetBlockMessage	CSSetData	0xb9c24	0x49
future_on_send	0xa7814dc2	0xb812c	6531	WorldLeaveCrossServerMessage	CSSetData	0xb9eec	0x40
future_on_send	0xa7814dc2	0xb81e9	6537	WorldMarchFormationMessage	CSSetData	0xb9fa0	0x49
future_on_send	0xa7814dc2	0xb84c1	6554	WorldMarchFormationChangeMessage	CSSetData	0xba278	0x49
future_on_send	0xa7814dc2	0xb866b	6566	WorldGetRectMarchInfosMessage	CSSetData	0xba3f4	0x77
future_on_send	0xa7814dc2	0xb8708	6573	ZendeskJWTTokenMessage	CSSetData	0xba4c8	0x40
